Workbook
Name _Order1: 0
Name FID_1: [1]AGR_Fuels!$A$2

Sheet BALANCE
B2: * Energy Balance / Bilans energii
B5: Table 1: Simple energy balance of Sardinia energy system in 2023
B6: Type of generating unit | C6: Generation unit type | D6: Moc osiągalna elektryczna netto | E6: Produkcja energii elektrycznej netto | F6: Produkcja ciepła netto | G6: Zużycie paliwa | H6: Średnia wartość opałowa | I6: Zużycie paliwa | J6: Średnia wartość opałowa
D7: Net Electric Power | E7: Net electricity generation | F7: Net heat generation | G7: Fuel used | H7: Average lower heating valuee | I7: Fuel used | J7: Average lower heating valuee
D8: MW | E8: GWh | F8: TJ | G8: kt | H8: kJ/kg | I8: mln m3 | J8: kJ/m3
B9: Hard coal-fired power plant1 | C9: Hard coal fired Electricity only power plant | D9: 600 | E9: 4500 | F9: 0 | G9: 1790 | H9: 23500
B10: Oil waste power plant1 | C10: Syngas fired Electicity only power plant | D10: 550 | E10: 4100 | F10: 0 | G10: 2450 | H10: 11000
B11: Biomass power plant1 | C11: Biomass fired Heat only plants | D11: 74 | E11: 247 | F11: 0 | G11: 3500 | H11: 11000
B12: Hidro | C12: Hidro pump only power plant | D12: 240 | E12: 123 | F12: 0 | G12: 0
B13: Hidro_Run | C13: Hidro run of river | D13: 70 | E13: 50 | F13: 0 | G13: 0
B14: Wind On Shore power plants | C14: Onshore Wind Turbines | D14: 1890 | E14: 2770 | F14: 0 | G14: 0
B15: Solar power plants | C15: Large Scale Photovoltaics | D15: 1540 | E15: 1910 | F15: 0 | G15: 0
B16: Together | C16: Total | D16: =SUM(D9:D15) -> 4964 | E16: =SUM(E9:E15) -> 13700 | F16: =SUM(F9:F15) -> 0 | G16: =SUM(G9:G15) -> 7740
B17: Source:
B18: 1) energy balance Sardinia Region
B19: 2) study based on data from Terna, the minister's oil bulletins, Istat and the GSE and RSE report (2023)
B20: 3) EUROSTAT NRG_BAL, NRG_BAL_PEH.
B23: * Transmission & Distribution Losses / Straty przesyłu i dystrybucji
B25: Tabela 2: Efficiency of Transmission and distribution of energy carriers in 2020
B26: Tabela 2: Sprawności przesyłu i transformacji nośników energii w sieci w 2020 r.
B27: Energy | C27: Energy carrier | D27: Przesył i transformacja | E27: Sprawność
D28: Transmission and distribution | E28: Efficiency
B29: Energia elektryczna | C29: Electricity | D29: WN-WN | HV-HV | E29: 0.985
B30: Energia elektryczna | C30: Electricity | D30: WN-SN | HV-MV | E30: 0.953
B31: Energia elektryczna | C31: Electricity | D31: SN-nn | MV-LV | E31: 0.898
B37: * Final Energy Demand / Popyt na energię finalną
B39: Table 3: Final energy demand in 2023
B41: Nośnik energii | C41: Energy carrier | D41: Jednostka | E41: Zapotrzebowanie końcowe
D42: Unit | E42: Final energy demand
B43: Energia elektryczna | C43: Electricity | D43: [TWh] | E43: =SUM(E9:E15)*E29/1000 -> 13.4945
B44: Source / Źródło:
B45: 1) opracowanie własne na podstawie "Statystyka Elektroenergetyki Polskiej 2020" - Ministerstwo Klimatu i Środowiska, Agencja Rynku Energii S.A., Warszawa 2021.
B46: 2) opracowanie własne na podstawie "Energetyka Cieplna w Liczbach 2021" - Urząd Regulacji Energetyki, Warszawa 2022.

Sheet TOPOLOGY

Sheet SEC_Comm
B2: Define Commodities
B4: ~FI_Comm
B5: Csets | C5: CommName | D5: CommDesc | E5: Unit | F5: LimType | G5: CTSLvl | H5: PeakTS | I5: Ctype
B6: \I: Commodity Set | C6: Commodity Name | D6: Commodity Description | E6: Unit | F6: Sense of Balance Equation | G6: TimeSlice Level | H6: Peak Monitoring | I6: Electricity Indicator (for CHPs)
B7: NRG | C7: ELEC_HV | D7: High Voltage Electricity (>110 kV) | E7: PJ | G7: DAYNITE | H7: ANNUAL | I7: ELC
B8: NRG | C8: ELEC_MV | D8: Medium voltage Electricity (20 -60 kV) | E8: PJ | G8: DAYNITE | H8: ANNUAL | I8: ELC
B9: NRG | C9: ELEC_LV | D9: Low Voltage Electricity (< 1kV) | E9: PJ | G9: DAYNITE | I9: ELC
B10: NRG | C10: ELEC_MV_GRID | D10: Grid medium voltage | E10: PJ | G10: DAYNITE | I10: ELC
B11: NRG | C11: ELEC_LV_GRID | D11: Grid low voltage | E11: PJ | G11: DAYNITE | I11: ELC
B12: NRG | C12: ELEC_LV_DIST | D12: Distribution Low Voltage Electricity (< 1kV) | E12: PJ | G12: DAYNITE | I12: ELC
B13: ENV | C13: CO2 | D13: Carbon Dioxide Emission | E13: kt | H13: ANNUAL
B14: \I:
B17: Copy from SUP
B19: No tag - won't be read by Veda
B20: Csets | C20: CommName | D20: CommDesc | E20: Unit | F20: LimType | G20: CTSLvl | H20: PeakTS | I20: Ctype
B21: \I: Commodity Set | C21: Commodity Name | D21: Commodity Description | E21: Unit | F21: Sense of Balance Equation | G21: TimeSlice Level | H21: Peak Monitoring | I21: Electricity Indicator (for CHPs)
B22: NRG | C22: SOLID | D22: Solid Fuels | E22: PJ
B23: NRG | C23: CRUDE_OIL | D23: Oil | E23: PJ
B24: NRG | C24: OILGAS | D24: Syngas_Res | E24: PJ
B25: NRG | C25: DIESEL | D25: Diesel | E25: PJ
B26: NRG | C26: GASOLINE | D26: Gasoline | E26: PJ
B27: NRG | C27: OGL | D27: OilGasLiquid | E27: PJ
B28: NRG | C28: FUEL_OIL | D28: FUEL_OIL | E28: PJ
B29: NRG | C29: Jet_Fuel | D29: Jet Fuel | E29: PJ
B30: NRG | C30: Lubricants | D30: Lubricants | E30: PJ
B31: NRG | C31: Bitumen | D31: Bitumen | E31: PJ
B32: NRG | C32: Ethy_and_Prop | D32: Ethy and Prop | E32: PJ
B33: NRG | C33: NLG | D33: Natural Liquid Gas | E33: PJ
... B43: NRG | C43: OTHER | D43: OTHER | E43: PJ
B47: Available Commodity Sets
B48: NRG | C48: Energy
B49: ENV | C49: Emission
B50: DEM | C50: Demand
B51: MAT | C51: Material
B52: FIN | C52: Financial

Sheet SEC_Processes
B2: Define Processes
B4: ~FI_Process
B5: Sets | C5: Region | D5: TechName | E5: TechDesc | F5: Tact | G5: Tcap | H5: Tslvl | I5: PrimaryCG | J5: Vintage
B6: \I: Process Set | C6: Region Name | D6: Technology Name | E6: Technology Description | F6: Activity Unit | G6: Capacity Unit | H6: TimeSlice Level | I6: Primary Commodity Group | J6: Vintage Tracking
B7: \I: | C7: SAR | D7: MIN_EX_WIND-ON | E7: Wind-On Energy Mine | F7: PJ | G7: GW | H7: ANNUAL
B8: \I: | C8: SAR | D8: MIN_EX_PV | E8: Solar Energy Mine | F8: PJ | G8: GW | H8: ANNUAL
B9: \I: | C9: SAR | D9: MIN_EX_AUTOPR_PV | E9: Autoproducer PV Electicity | F9: PJ | G9: GW | H9: ANNUAL
B10: \I:
B11: ELE | C11: SAR | D11: ELE_EX_WIND-ON | E11: Existing Onshore Wind Turbines | F11: PJ | G11: GW | H11: DAYNITE
B12: ELE | C12: SAR | D12: ELE_EX_AUTOPR_PV | E12: Existing autoproducer PV Elecrticity | F12: PJ | G12: GW | H12: DAYNITE
B13: ELE | C13: SAR | D13: ELE_EX_AUTOPR_PV_RES | E13: Existing autoproducer residential PV Elecrticity | F13: PJ | G13: GW | H13: DAYNITE
B14: ELE | C14: SAR | D14: ELE_EX_PV | E14: Existing Photovoltaics | F14: PJ | G14: GW | H14: DAYNITE
B15: ELE | C15: SAR | D15: ELE_EX_HC | E15: Existing Hard Coal Power Plants | F15: PJ | G15: GW | H15: DAYNITE
B16: ELE | C16: SAR | D16: ELE_EX_OILGAS | E16: Existing Syngas Power Plants | F16: PJ | G16: GW | H16: DAYNITE
B17: ELE | C17: SAR | D17: ELE_EX_BIOMASS | E17: Existing Biomass Power Plants | F17: PJ | G17: GW | H17: DAYNITE
B18: ELE | C18: SAR | D18: ELE_EX_HIDRO | E18: Existing Hidro pump Power Plants | F18: PJ | G18: GW | H18: DAYNITE
B19: ELE | C19: SAR | D19: ELE_EX_HIDRO_RUN | E19: Existing Hidro River on Run Power Plants | F19: PJ | G19: GW | H19: DAYNITE
B20: STS | C20: SAR | D20: ELE_EX_HIDRO_STORAGE_PUMP | E20: Existing Hidro pump Storage Capacity | F20: PJ | G20: GW | H20: DAYNITE
B21: ELE | C21: SAR | D21: ELE_EX_OTHER | E21: Existing Other | F21: PJ | G21: GW | H21: DAYNITE
B22: IMP | C22: SAR | D22: IMP_ELC_HV | E22: Import of Electricity | F22: PJ | G22: GW | H22: ANNUAL
... B27: PRE | C27: SAR | D27: REFINARY | E27: Refinary | F27: PJ | G27: PJ/a | H27: ANNUAL
B31: Available Process Sets
B32: ELE | C32: Power Plant (Electricity Only)
B33: CHP | C33: Combined Heat & Power Plant
B34: STG | C34: Timeslice Storage
B35: PRE | C35: Generic Process
B36: DMD | C36: Demand Process | D36: Shoud have commodity of type DEM on Output | F36: INSERT DEMAND FOR SECTOR
B37: IMP | C37: Import | D37: Commodity only at Output
B38: EXP | C38: Eksport | D38: Commodity only at Input
B39: MIN | C39: Mining | D39: Commodity only at Output
B40: HPL | C40: Heat Only Plant

Sheet REF
E2: ~FI_T
B3: TechName | C3: * TechDesc | D3: Comm-IN | E3: Comm-OUT | F3: CEFF | G3: Share-O | H3: CAP2ACT | I3: STOCK~2023~2024 | J3: STOCK~2025 | K3: STOCK~2030 | L3: STOCK~2035 | M3: STOCK~2040 | N3: STOCK~2045 | O3: STOCK~2050 | P3: AFA | Q3: FIXOM | R3: VAROM
B4: \I: Technology Name | C4: Technology Description | D4: Commodity Input | E4: Commodity Output | F4: Commodity Specific Efficiency | H4: Capacity to Activity Factor | I4: Installed Capacity [PJ/a] | Q4: Fixed O&M Costs [EUR/kW] | R4: Variable O&M Costs [EUR/GJ]
B5: =SEC_Processes!D27 -> REFINARY | C5: =SEC_Processes!E27 -> Refinary | D5: CRUDE_OIL | H5: 1 | I5: 566 | J5: =$I$5 -> 566 | K5: =$I$5 -> 566 | L5: =$I$5 -> 566 | M5: =$I$5 -> 566 | N5: =$I$5 -> 566 | O5: =$I$5 -> 566 | P5: 1 | Q5: 7.3 | R5: 13.59
E6: OGL | F6: =V36 -> 1.86 | G6: 0.04
E7: GASOLINE | F7: =V37 -> 10.005 | G7: 0.23
E8: Jet_Fuel | F8: =V38 -> 4.3 | G8: 0.1
E9: DIESEL | F9: =V39 -> 15.48 | G9: 0.36
E10: FUEL_OIL | F10: =V40 -> 2.43 | G10: 0.06
E11: Lubricants | F11: =V41 -> 1.4525 | G11: 0.035
E12: Bitumen | F12: =V42 -> 1.975 | G12: 0.05
E13: Ethy_and_Prop | F13: =V43 -> 1.88 | G13: 0.04
E14: OILGAS | F14: =V44 -> 2.48625 | G14: 0.085
E15: =SEC_Comm!C13 -> CO2
E32: 13475000 | F32: t/a
E33: =P36*E32/1000000 -> 564.1713
P34: crude oil | Q34: raffinery products
P35: PCI (GJ/t) | Q35: PCI (GJ/t) | T35: PJ
J36: 1 | K36: crude | L36: 0.04 | M36: Oil Gas liquid | P36: 41.868 | Q36: 46.5 | S36: 1 | T36: {=L36:L44*Q36:Q44} -> 1.86 | U36: {=M36:M44} -> Oil Gas liquid | V36: {=_xlfn.ANCHORARRAY(T36)/S36} -> 1.86
L37: 0.23 | M37: Gasoline | Q37: 43.5 | T37: 10.005 | U37: Gasoline | V37: 10.005
L38: 0.1 | M38: Jet fuel | Q38: 43 | T38: 4.3 | U38: Jet fuel | V38: 4.3
L39: 0.36 | M39: Diesel | Q39: 43 | T39: 15.48 | U39: Diesel | V39: 15.48
L40: 0.06 | M40: Oil fuel | Q40: 40.5 | T40: 2.43 | U40: Oil fuel | V40: 2.43
L41: 0.035 | M41: Lubricants | Q41: 41.5 | T41: 1.4525 | U41: Lubricants | V41: 1.4525
L42: 0.05 | M42: Bitumen | Q42: 39.5 | T42: 1.975 | U42: Bitumen | V42: 1.975
L43: 0.04 | M43: ethy and prop | Q43: 47 | T43: 1.88 | U43: ethy and prop | V43: 1.88
L44: 0.085 | M44: waste | Q44: 29.25 | T44: 2.48625 | U44: waste | V44: 2.48625
L45: =SUM(L36:L44) -> 1 | T45: =SUM(_xlfn.ANCHORARRAY(T36)) -> 41.86875

Sheet PP
B2: Power Plants
E4: ~FI_T
B5: TechName | C5: * TechDesc | D5: Comm-IN | E5: Comm-OUT | F5: EFF | G5: CAP2ACT | H5: STOCK~2023 | I5: STOCK~2025 | J5: STOCK~2030 | K5: STOCK~2035 | L5: STOCK~2040 | M5: STOCK~2045 | N5: STOCK~2050 | O5: PEAK | P5: AFA~2023~FX | Q5: AFA~2025 | R5: FIXOM | S5: VAROM
B6: \I: Technology Name | C6: Technology Description | D6: Commodity Input | E6: Commodity Output | F6: Efficiency | G6: Capacity to Activity Factor | H6: Installed Capacity [GW] | O6: Peak EQ Factor | P6: Annual Availability Factor | Q6: Annual Availability Factor | R6: Fixed O&M Costs [EUR/kW] | S6: Variable O&M Costs [EUR/GJ]
B7: =SEC_Processes!D15 -> ELE_EX_HC | C7: =SEC_Processes!E15 -> Existing Hard Coal Power Plants | D7: =SEC_Comm!C22 -> SOLID | E7: =SEC_Comm!C7 -> ELEC_HV | F7: =(BALANCE!E9*3.6/10^3)/(BALANCE!G9*BALANCE!H9/10^6) -> 0.38511827 | G7: 31.536 | H7: =BALANCE!D9/1000 -> 0.6 | I7: =H7 -> 0.6 | J7: 0 | K7: 0 | L7: 0 | M7: 0 | N7: 0 | O7: 1 | P7: 0.9 | Q7: 0.92 | R7: 47.5 | S7: 5.26
B8: =SEC_Processes!D16 -> ELE_EX_OILGAS | C8: =SEC_Processes!E16 -> Existing Syngas Power Plants | D8: =SEC_Comm!C24 -> OILGAS | E8: =SEC_Comm!C7 -> ELEC_HV | F8: =(BALANCE!E10*3.6/10^3)/(BALANCE!G10*BALANCE!H10/10^6) -> 0.54768089 | G8: 31.536 | H8: =BALANCE!D10/1000 -> 0.55 | I8: =H8 -> 0.55 | J8: 0.55 | K8: 0 | L8: 0 | M8: 0 | N8: 0 | O8: 1 | P8: 0.88 | Q8: 0.87 | R8: 61 | S8: 1.11
B12: Alternative Syntax - one process
B15: TechName | C15: * TechDesc | D15: Comm-IN | E15: Comm-OUT | F15: EFF | G15: CAP2ACT | H15: Year | I15: LimType | J15: STOCK | K15: PEAK | L15: AFA | M15: AFA | N15: FIXOM | O15: VAROM
B16: \I: Technology Name | C16: Technology Description | D16: Commodity Input | E16: Commodity Output | F16: Efficiency | G16: Capacity to Activity Factor | H16: Year | I16: Limit type [(in)equality sing] | J16: Installed Capacity [GW] | K16: Peak EQ Factor | L16: Annual Availability Factor | M16: Annual Availability Factor | N16: Fixed O&M Costs [PLN/kW] | O16: Variable O&M Costs [PLN/GJ]
B17: =SEC_Processes!D15 -> ELE_EX_HC | C17: =SEC_Processes!E15 -> Existing Hard Coal Power Plants | D17: =SEC_Comm!C22 -> SOLID | E17: =SEC_Comm!C7 -> ELEC_HV | F17: 0.385 | G17: 31.536 | K17: 1 | M17: 0.92 | N17: 47.5 | O17: 5.26
H18: 2023 | I18: FX | J18: 0.6 | L18: 0.9
H19: 2024 | I19: FX | J19: 0.6 | L19: 0.9
H20: 2025 | I20: FX | J20: 0.6 | L20: 0.6
H21: 2030 | J21: 0
H22: 2035 | J22: 0
H23: 2040 | J23: 0
H24: 2045 | J24: 0
H25: 2050 | J25: 0
E26: =SEC_Comm!C13 -> CO2
B27: =SEC_Processes!D16 -> ELE_EX_OILGAS | C27: =SEC_Processes!E16 -> Existing Syngas Power Plants | D27: =SEC_Comm!C23 -> CRUDE_OIL | E27: =SEC_Comm!C7 -> ELEC_HV | F27: 0.548 | G27: 31.536 | K27: 1 | M27: 0.87 | N27: 61 | O27: 1.11
H28: 2023 | I28: FX | J28: 0.55 | L28: 0.88
H29: 2024 | I29: FX | J29: 0.55 | L29: 0.88
H30: 2025 | I30: FX | J30: 0.55 | L30: 0.92
H31: 2030 | J31: 0.55
H32: 2035 | J32: 0
H33: 2040 | J33: 0
H34: 2045 | J34: 0
H35: 2050 | J35: 0
E36: =SEC_Comm!C13 -> CO2

Sheet RES
B2: Renewable Energy Sources
E4: ~FI_T
B5: TechName | C5: *TechDesc | D5: Comm-IN | E5: Comm-OUT | F5: EFF | G5: CAP2ACT | H5: STOCK~2023 | I5: STOCK~2025 | J5: STOCK~2030 | K5: STOCK~2035 | L5: STOCK~2040 | M5: STOCK~2045 | N5: STOCK~2050 | O5: PEAK | P5: AFA | Q5: FIXOM | R5: VAROM
B6: \I: Technology Name | C6: Technology Description | D6: Commodity Input | E6: Commodity Output | F6: Efficiency | G6: Capacity to Activity Factor | H6: Installed Capacity [GW] | O6: Peak EQ Factor | P6: Annual Availability Factor | Q6: Fixed O&M Costs [EUR/kW] | R6: Variable O&M Costs [EUR/GJ]
B7: =SEC_Processes!D17 -> ELE_EX_BIOMASS | C7: Existing Biomass power plant | D7: BIOMASS | E7: =SEC_Comm!C7 -> ELEC_HV | F7: 1 | G7: 31.536 | H7: 0.1 | I7: 0.1 | J7: 0 | K7: 0 | L7: 0 | M7: 0 | N7: 0 | O7: 0.05 | P7: 1 | Q7: 100 | R7: 0.001
B8: =SEC_Processes!D18 -> ELE_EX_HIDRO | C8: Existing Hidro pump system | D8: HIDRO | E8: =SEC_Comm!C7 -> ELEC_HV | F8: 1 | G8: 31.536 | H8: 0.24 | I8: 0.24 | J8: 0 | K8: 0 | L8: 0 | M8: 0 | N8: 0 | O8: 0.05 | P8: 1 | Q8: 26 | R8: 0.001
B9: =SEC_Processes!D19 -> ELE_EX_HIDRO_RUN | C9: Exiting Hidro turbines Run of river | D9: HIDRO_RUN | E9: =SEC_Comm!C7 -> ELEC_HV | F9: 1 | G9: 31.536 | H9: 0.07 | I9: 0.07 | J9: 0 | K9: 0 | L9: 0 | M9: 0 | N9: 0 | O9: 0.05 | P9: 1 | Q9: 74 | R9: 0.001
B10: =SEC_Processes!D20 -> ELE_EX_HIDRO_STORAGE_PUMP | C10: Existing Hidro pump system | D10: HIDRO_STG_PUMP | E10: =SEC_Comm!C7 -> ELEC_HV | F10: 1 | G10: 31.536 | H10: 0.2 | I10: 0.2 | J10: 0 | K10: 0 | L10: 0 | M10: 0 | N10: 0 | O10: 0.05 | P10: 1 | Q10: 8 | R10: 0
B11: =SEC_Processes!D21 -> ELE_EX_OTHER | C11: Existing Other | D11: OTHER | E11: =SEC_Comm!C7 -> ELEC_HV | F11: 1 | G11: 31.536 | H11: 0.1 | I11: 0.1 | J11: 0 | K11: 0 | L11: 0 | M11: 0 | N11: 0 | O11: 0.05 | P11: 1 | Q11: 50 | R11: 0
B12: =SEC_Processes!D11 -> ELE_EX_WIND-ON | C12: =SEC_Processes!E11 -> Existing Onshore Wind Turbines | D12: WIND-ON | E12: =SEC_Comm!C7 -> ELEC_HV | F12: 1 | G12: 31.536 | H12: 1.17 | I12: =H12+0.049 -> 1.219 | J12: 0.4 | K12: 0.3 | L12: 0.2 | M12: 0 | N12: 0 | O12: 0.05 | P12: 1 | Q12: 27 | R12: 0.001
B13: =SEC_Processes!D12 -> ELE_EX_AUTOPR_PV | C13: =SEC_Processes!E12 -> Existing autoproducer PV Elecrticity | D13: SOLAR | E13: =SEC_Comm!C7 -> ELEC_HV | F13: 1 | G13: 31.536 | H13: 0.072 | I13: 0.08 | J13: 0 | K13: 0 | L13: 0 | M13: 0 | N13: 0 | O13: 0.05 | P13: 1 | Q13: 20 | R13: 0
B14: =SEC_Processes!D13 -> ELE_EX_AUTOPR_PV_RES | C14: =SEC_Processes!E13 -> Existing autoproducer residential PV Elecrticity | D14: SOLAR | E14: =SEC_Comm!C9 -> ELEC_LV | F14: 1 | G14: 31.536 | H14: 0.263 | I14: 0.263 | J14: 0.1 | K14: 0 | L14: 0 | M14: 0 | N14: 0 | O14: 0.05 | P14: 1 | Q14: 28 | R14: 0
B15: =SEC_Processes!D14 -> ELE_EX_PV | C15: =SEC_Processes!E14 -> Existing Photovoltaics | D15: SOLAR | E15: =SEC_Comm!C8 -> ELEC_MV | F15: 1 | G15: 31.536 | H15: 0.8 | I15: 0.2 | J15: 0.2 | K15: 0 | L15: 0 | M15: 0 | N15: 0 | O15: 0.05 | P15: 1 | Q15: 17 | R15: 0.001
B22: No tag - won't be read by Veda
B23: Csets | C23: CommName | D23: CommDesc | E23: Unit | F23: LimType | G23: CTSLvl | H23: PeakTS | I23: Ctype
B24: \I: Commodity Set | C24: Commodity Name | D24: Commodity Description | E24: Unit | F24: Sense of Balance Equation | G24: TimeSlice Level | H24: Peak Monitoring | I24: Electricity Indicator (for CHPs)
B25: NRG | C25: SOLID | D25: Solid Fuels | E25: PJ
B26: NRG | C26: CRUDE_OIL | D26: Oil | E26: PJ
B27: NRG | C27: OILGAS | D27: Syngas_Res | E27: PJ
B28: NRG | C28: DIESEL | D28: Diesel | E28: PJ
B29: NRG | C29: GASOLINE | D29: Gasoline | E29: PJ
B30: NRG | C30: OGL | D30: OilGasLiquid | E30: PJ
B31: NRG | C31: FUEL_OIL | D31: FUEL_OIL | E31: PJ
B32: NRG | C32: Jet_Fuel | D32: Jet Fuel | E32: PJ
B33: NRG | C33: Lubricants | D33: Lubricants | E33: PJ
B34: NRG | C34: Bitumen | D34: Bitumen | E34: PJ
B35: NRG | C35: Ethy_and_Prop | D35: Ethy and Prop | E35: PJ
B36: NRG | C36: NLG | D36: Natural Liquid Gas | E36: PJ
... B46: NRG | C46: OTHER | D46: OTHER | E46: PJ

Sheet T&D
B2: Transformation and Distribution Networks
E4: ~FI_T
B5: TechName | C5: * TechDesc | D5: Comm-IN | E5: Comm-OUT | F5: EFF | G5: VAROM | H5: Stock | I5: Cap2Act | J5: INVCOST~2025 | K5: INVCOST~2030 | L5: INVCOST~2035 | M5: INVCOST~2040 | N5: INVCOST~2045 | O5: INVCOST~2050 | Q5: LOSSES
B6: \I: Technology Name | C6: Technology Description | D6: Commodity Input | E6: Commodity Output | F6: Efficiency | G6: Variable cost EUR/GJ | H6: GW | K6: Investiment Cost MEUR/GW | L6: Investiment Cost MEUR/GW | M6: Investiment Cost MEUR/GW | N6: Investiment Cost MEUR/GW | O6: Investiment Cost MEUR/GW
B7: =SEC_Processes!D24 -> TRANSF_HV-MV | C7: =SEC_Processes!E24 -> Electricity Transformation and Distribution High Voltage to Medium Voltage | D7: =SEC_Comm!C7 -> ELEC_HV | E7: =SEC_Comm!C10 -> ELEC_MV_GRID | F7: 0.94 | G7: 5.5 | H7: 1 | I7: 31.536 | J7: 0 | K7: 50 | L7: 50 | M7: 50 | N7: 30 | Q7: =1-F7 -> 0.06
B8: =SEC_Processes!D25 -> TRANSF_MV-LV | C8: =SEC_Processes!E25 -> Electricity Transformation and Distribution Medium Voltage to Low Voltage | D8: =SEC_Comm!C10 -> ELEC_MV_GRID | F8: 0.91 | G8: 5.5 | H8: 1 | I8: 31.536 | J8: 0 | K8: 80 | L8: 70 | M8: 70
D9: ELEC_MV
E10: =SEC_Comm!C11 -> ELEC_LV_GRID
B11: =SEC_Processes!D26 -> DISTRIBU_LV | C11: =SEC_Processes!E26 -> Electricity distribution to Low Voltage | D11: =SEC_Comm!C9 -> ELEC_LV | F11: 0.89 | G11: 5.5 | H11: 1 | I11: 31.536 | J11: 0 | K11: 150 | L11: 150 | M11: 150 | N11: 50 | O11: 50
D12: =SEC_Comm!C11 -> ELEC_LV_GRID
E13: ELEC_LV_DIST
D28: 100
D29: =D28/F7 -> 106.38298
D30: =D29+G7 -> 111.88298

Sheet IMP
B2: Magazyny energii | Energy storage
E4: ~FI_T
B5: TechName | C5: *TechDesc | D5: Comm-IN | E5: Comm-OUT | F5: Stock~2020~2050 | G5: AFA | H5: Stock~2023 | I5: Stock~2025 | J5: Stock~2030 | K5: Stock~2050 | L5: Cap2Act | M5: Peak | N5: COST | O5: ACT_BND~2023 | P5: ACT_BND~2025 | Q5: ACT_BND~2030 | R5: ACT_BND~2035 | S5: ACT_BND~2040 | T5: ACT_BND~2045 | U5: ACT_BND~2050
B6: \I: | F6: GW | L6: PJ/GW | M6: % | N6: EUR/GJ
B7: =SEC_Processes!D22 -> IMP_ELC_HV | C7: =SEC_Processes!E22 -> Import of Electricity | E7: =SEC_Comm!C7 -> ELEC_HV | F7: 0 | G7: 1 | H7: 0.5 | I7: 0.5 | J7: 1 | K7: 1 | L7: 31.536 | M7: 1 | N7: 30
H11: annual limit | K11: =H7*L7 -> 15.768 | L11: PJ/a
K12: =K11/3.6 -> 4.38 | L12: TWh/a
H13: maximum import in reality | K13: 2
H14: ADA | K14: =K13/K12 -> 0.456621

Sheet EXP
E4: ~FI_T
B5: TechName | C5: *TechDesc | D5: Comm-IN | E5: Comm-OUT | F5: Stock~2020~2050 | G5: AFA | H5: Stock~2023 | I5: Stock~2025 | J5: Stock~2030 | K5: Stock~2040 | L5: Stock~2050 | M5: Cap2Act | N5: Peak | O5: COST | P5: ACT_BND~2023 | Q5: ACT_BND~2025 | R5: ACT_BND~2030 | S5: ACT_BND~2035 | T5: ACT_BND~2040 | U5: ACT_BND~2045 | V5: ACT_BND~2050
B6: \I: | F6: GW | M6: PJ/GW | N6: % | O6: EUR/GJ | R6: PJ/ANNO | S6: PJ/ANNO | T6: PJ/ANNO | U6: PJ/ANNO | V6: PJ/ANNO
B7: =SEC_Processes!D23 -> EXP_ELC_HV | C7: =SEC_Processes!E23 -> Export of Electicity | D7: =SEC_Comm!C7 -> ELEC_HV | F7: 1 | G7: 1 | H7: =G17 -> 14.04 | I7: =G17 -> 14.04 | J7: 7.02 | K7: 0 | L7: 0 | M7: 31.536 | N7: 1 | O7: 30 | S7: 11 | T7: 11 | U7: 11 | V7: 11
C15: TWh | D15: PJ | F15: Sardinia exp TWh | G15: PJ
C16: 1 | D16: 3.6
F17: 3.9 | G17: =F17*D16 -> 14.04

Sheet STG
B2: Magazyny energii | Energy storage
E4: ~FI_T
B5: TechName | C5: *TechDesc | D5: Comm-IN | E5: Comm-OUT | F5: Comm-OUT-A | G5: S_EFF | H5: Stock~2020 | I5: Stock~2025 | J5: Stock~2030 | K5: Stock~2035 | L5: Stock~2040 | M5: Stock~2045 | N5: Stock~2050 | O5: Cap2Act | P5: Peak | Q5: LIFE | R5: FIXOM | S5: VAROM | T5: CommGrp | U5: NCAP_AFC~DAYNITE
B6: \I: | G6: % | H6: GW | I6: GW | J6: GW | K6: GW | L6: GW | M6: GW | N6: GW | O6: PJ/GW | P6: % | Q6: YEAR | R6: EUR/kW | S6: zl/GJ
B7: =SEC_Processes!D20 -> ELE_EX_HIDRO_STORAGE_PUMP | C7: Existing Pumped Storage Capacity | D7: ELEC_HV | E7: ELEC_HV | G7: 0.7 | H7: 0.2 | I7: 0.2 | J7: 0.3 | K7: 0.3 | L7: 0.3 | M7: 0.3 | N7: 0.3 | O7: 31.536 | P7: 1 | Q7: 25 | R7: 15 | S7: 0.001 | T7: NRG | U7: 1
T8: ACT | U8: 0.25

Sheet EMI
B2: Emission factor per chemical energy unit of fuel
C4: ~PRCCOMEMI
B5: TechName | C5: CommName | D5: SOLID | E5: OILGAS | F5: NLG | G5: CRUDE OIL | I5: <- Fuel Name as Column Header
B6: \I: Technology Name | C6: Commodity Name (Pollutant) | D6: Emission factor [kt/PJ]
B7: =SEC_Processes!D15 -> ELE_EX_HC | C7: CO2 | D7: 96
B8: =SEC_Processes!D16 -> ELE_EX_OILGAS | C8: CO2 | E8: 112
B9: =SEC_Processes!D27 -> REFINARY | C9: CO2 | G9: 7.3
