Workbook
Name _Order1: 0
Name FID_1: [1]AGR_Fuels!$A$2

Sheet BALANCE
B2: * Energy Balance / Bilans energii
B4: Table 1: Simple energy balance of Sardinia energy system in 2023
D5: Net Electric Power | E5: Net electricity generation | F5: Net heat generation | G5: Fuel used | H5: Average lower heating valuee | I5: Fuel used | J5: Average lower heating valuee
D6: MW | E6: GWh | F6: TJ | G6: kt | H6: kJ/kg | I6: mln m3 | J6: kJ/m3
B7: Hard coal-fired power plant1 | C7: Hard coal fired Electricity only power plant | D7: 600 | E7: 4500 | F7: 0 | G7: 1790 | H7: 23500
B8: Oil waste power plant1 | C8: Syngas fired Electicity only power plant | D8: 550 | E8: 4100 | F8: 0 | G8: 2450 | H8: 6000
B9: Biomass power plant1 | C9: Biomass fired Heat only plants | D9: 74 | E9: 247 | F9: 0 | G9: 606 | H9: 15000
B10: Hidro | C10: Hidro pump only power plant | D10: 240 | E10: 123 | F10: 0 | G10: 0 | H10: 0
B11: Hidro_Run | C11: Hidro run of river | D11: 70 | E11: 50 | F11: 0 | G11: 0 | H11: 0
B12: Wind On Shore power plants | C12: Onshore Wind Turbines | D12: 1170 | E12: 2770 | F12: 0 | G12: 0 | H12: 0
B13: Solar power plants | C13: Large Scale Photovoltaics | D13: 1360 | E13: 1910 | F13: 0 | G13: 0 | H13: 0
B14: Together | C14: Total | D14: =SUM(D7:D13) -> 4064 | E14: =SUM(E7:E13) -> 13700 | F14: =SUM(F7:F13) -> 0 | G14: =SUM(G7:G13) -> 4846 | H14: =SUM(H7:H13) -> 44500
B15: Source:
B16: 1) energy balance Sardinia Region
B17: 2) study based on data from Terna, the minister's oil bulletins, Istat and the GSE and RSE report (2023)
B18: 3) EUROSTAT NRG_BAL, NRG_BAL_PEH.
B21: * Transmission & Distribution Losses / Straty przesyłu i dystrybucji
B23: Tabela 2: Efficiency of Transmission and distribution of energy carriers in 2023
D24: Transmission and distribution | E24: Efficiency
B25: Electric energy | C25: Electricity | D25: WN-WN | HV-HV | E25: 0.985
B26: Electric energy | C26: Electricity | D26: WN-SN | HV-MV | E26: 0.923
B27: Electric energy | C27: Electricity | D27: SN-nn | MV-LV | E27: 0.898
B33: * Final Energy Demand / Popyt na energię finalną
B35: Table 3: Final energy demand in 2023
D37: Unit | E37: Final energy demand
B38: Electric energy | C38: Electricity | D38: [TWh] | E38: 8.345

Sheet SEC_Comm
B2: Define Commodities
B4: ~FI_Comm
B5: Csets | C5: CommName | D5: CommDesc | E5: Unit | F5: LimType | G5: CTSLvl | H5: PeakTS | I5: Ctype
B6: \I: Commodity Set | C6: Commodity Name | D6: Commodity Description | E6: Unit | F6: Sense of Balance Equation | G6: TimeSlice Level | H6: Peak Monitoring | I6: Electricity Indicator (for CHPs)
B7: DEM | C7: DEM_FIN_RES | D7: Electricity - Final Energy Residential | E7: PJ
B8: DEM | C8: DEM_FIN_IND | D8: Electricity - Final Energy Industrial | E8: PJ
B9: DEM | C9: DEM_FIN_SER | D9: Electricity - Final Energy Service | E9: PJ
B10: DEM | C10: DEM_FIN_AGR | D10: Electricity - Final Energy Agriculture | E10: PJ
B11: DEM | C11: DEM_FIN_TRS | D11: Electricity - Final Energy Transport | E11: PJ
B14: DEM | C14: ELEC_LV_DIST | D14: Electricity - Energy Low Voltage | E14: PJ
B15: DEM | C15: DIESEL | D15: Fossil diesel final energy Residential | E15: PJ
B16: DEM | C16: OGL | D16: Fossil oil gas liquid final energy Residential | E16: PJ
B17: DEM | C17: NLG | D17: Fossil natural liquid gas final energy Residential | E17: PJ
B18: DEM | C18: FUEL_OIL | D18: Fossil fuel oil Industrial | E18: PJ
B19: DEM | C19: SOLID | D19: Fossil solid fuel industrial | E19: PJ
B20: DEM | C20: GASOLINE | D20: Fossil gasoline final energy transport | E20: PJ
B21: DEM | C21: HIDROGEN | D21: Renewable hidrogen final energy transport | E21: PJ
B24: Copy from ELC
B26: No tag - won't be read by Veda
B27: Csets | C27: CommName | D27: CommDesc | E27: Unit | F27: LimType | G27: CTSLvl | H27: PeakTS | I27: Ctype
B28: NRG | C28: ELEC_HV | D28: Hight Voltage Electricity > 110 kV) | E28: PJ | G28: DAYNITE
B29: NRG | C29: ELEC_MV | D29: Medium Voltage Electricity (10 - 60 kV) | E29: PJ | G29: DAYNITE
B30: NRG | C30: ELEC_LV | D30: Low Voltage Electricity (< 1kV) | E30: PJ | G30: DAYNITE

Sheet SEC_Processes
B2: Define Processes
B4: ~FI_Process
B5: Sets | C5: Region | D5: TechName | E5: TechDesc | F5: Tact | G5: Tcap | H5: Tslvl | I5: PrimaryCG | J5: Vintage
B6: \I: Process Set | C6: Region Name | D6: Technology Name | E6: Technology Description | F6: Activity Unit | G6: Capacity Unit | H6: TimeSlice Level | I6: Primary Commodity Group | J6: Vintage Tracking
B7: DMD | C7: SAR | D7: ELE_DMD_RES | E7: Electricity - Final Energy Demand Residential | F7: PJ | G7: PJa | H7: DAYNITE
B8: DMD | C8: SAR | D8: ELE_DMD_IND | E8: Electricity - Final Energy Demand Industrial | F8: PJ | G8: PJa | H8: DAYNITE
B9: DMD | C9: SAR | D9: ELE_DMD_SER | E9: Electricity - Final Energy Demand Service | F9: PJ | G9: PJa | H9: DAYNITE
B10: DMD | C10: SAR | D10: ELE_DMD_AGR | E10: Electricity - Final Energy Demand Agriculture | F10: PJ | G10: PJa | H10: DAYNITE
B11: DMD | C11: SAR | D11: ELE_DMD_TRS | E11: Electricity - Final Energy Demand Transport | F11: PJ | G11: PJa | H11: DAYNITE
B19: Available Process Sets
B20: ELE | C20: Power Plant (Electricity Only)
B21: CHP | C21: Combined Heat & Power Plant
B22: STG | C22: Timeslice Storage
B23: PRE | C23: Generic Process
B24: DMD | C24: Demand Process | D24: Should have a Commodity of type DEM at its output
B25: IMP | C25: Import | D25: Commodity only at Output
B26: EXP | C26: Eksport | D26: Commodity only at Input
B27: MIN | C27: Mining | D27: Commodity only at Output
B28: HPL | C28: Heat Only Plant

Sheet FINAL_DEMAD_PRC
B2: Final Energy Consumption Technologies
E4: ~FI_T
B5: TechName | C5: *TechDesc | D5: Comm-IN | E5: Comm-OUT | F5: Share-I ~2023 | G5: Share-I ~2025 | H5: Share-I ~2030 | I5: Share-I ~2035 | J5: Share-I ~2040 | K5: Share-I ~2045 | L5: Share-I ~2050 | M5: EFF | N5: CAP2ACT
B6: \I: Technology Name | C6: Technology Description | D6: Commodity Input | E6: Commodity Output | M6: Efficiency | N6: Capacity to Activity Factor
B7: =SEC_Processes!$D$7 -> ELE_DMD_RES | C7: =SEC_Processes!$E$7 -> Electricity - Final Energy Demand Residential | D7: =SEC_Comm!C14 -> ELEC_LV_DIST | E7: =SEC_Comm!$C$7 -> DEM_FIN_RES | F7: ='[2]CORRECT SITUATION'!$F$11 -> 0.55979579 | G7: {='[2]CORRECT SITUATION'!$Q$36:$V$36} -> 0.58094259 | H7: 0.57781445 | I7: 0.55868756 | J7: 0.50776607 | K7: 0.44808136 | L7: 0.39870323 | M7: 1 | N7: 1
D8: =SEC_Comm!C15 -> DIESEL | E8: =SEC_Comm!$C$7 -> DEM_FIN_RES | F8: ='[2]CORRECT SITUATION'!$C$11 -> 0.084263513 | G8: {='[2]CORRECT SITUATION'!$Q$33:$V$33} -> 0.027379432 | H8: 0 | I8: 0 | J8: 0 | K8: 0 | L8: 0 | M8: 1 | N8: 1
D9: =SEC_Comm!C16 -> OGL | E9: =SEC_Comm!$C$7 -> DEM_FIN_RES | F9: ='[2]CORRECT SITUATION'!$D$11 -> 0.26092633 | G9: {='[2]CORRECT SITUATION'!$Q$34:$V$34} -> 0.24246008 | H9: 0.14317597 | I9: 0.03899943 | J9: 0 | K9: 0 | L9: 0 | M9: 1 | N9: 1
D10: =SEC_Comm!C17 -> NLG | E10: =SEC_Comm!$C$7 -> DEM_FIN_RES | F10: ='[2]CORRECT SITUATION'!$E$11 -> 0.095014375 | G10: {='[2]CORRECT SITUATION'!$Q$35:$V$35} -> 0.1492179 | H10: 0.27900958 | I10: 0.40231301 | J10: 0.49223393 | K10: 0.55191864 | L10: 0.60129677 | M10: 1 | N10: 1
B11: =SEC_Processes!$D$8 -> ELE_DMD_IND | C11: =SEC_Processes!$E$8 -> Electricity - Final Energy Demand Industrial | D11: =SEC_Comm!C14 -> ELEC_LV_DIST | E11: =SEC_Comm!$C$8 -> DEM_FIN_IND | F11: =[3]Foglio2!$G$8 -> 0.46304555 | G11: {=[3]Foglio2!$R$39:$W$39} -> 0.40273349 | H11: 0.2556014 | I11: 0.1278271 | J11: 0.015632093 | K11: 0 | L11: 0 | M11: 1 | N11: 1
D12: DIESEL | E12: =SEC_Comm!$C$8 -> DEM_FIN_IND | F12: =[3]Foglio2!$B$8 -> 0.025717995 | G12: {=[3]Foglio2!$R$34:$W$34} -> 0.028607343 | H12: 0.035658148 | I12: 0.041781296 | J12: 0.046570524 | K12: 0.046328009 | L12: 0.045619756 | M12: 1 | N12: 1
D13: =SEC_Comm!C20 -> GASOLINE | E13: =SEC_Comm!$C$8 -> DEM_FIN_IND | F13: =[3]Foglio2!$C$8 -> 0.083096928 | G13: {=[3]Foglio2!$R$35:$W$35} -> 0.092377878 | H13: 0.11505338 | I13: 0.13474553 | J13: 0.15014316 | K13: 0.1493275 | L13: 0.14701973 | M13: 1 | N13: 1
D14: =SEC_Comm!C16 -> OGL | E14: =SEC_Comm!$C$8 -> DEM_FIN_IND | F14: =[3]Foglio2!$D$8 -> 0.083355984 | G14: {=[3]Foglio2!$R$36:$W$36} -> 0.12031877 | H14: 0.20378366 | I14: 0.27626729 | J14: 0.33563709 | K14: 0.35349811 | L14: 0.36253526 | M14: 1 | N14: 1
D15: =SEC_Comm!C18 -> FUEL_OIL | E15: =SEC_Comm!$C$8 -> DEM_FIN_IND | F15: =[3]Foglio2!$E$8 -> 0.099280949 | G15: {=[3]Foglio2!$R$37:$W$37} -> 0.083477572 | H15: 0.047012905 | I15: 0.015345801 | J15: 0 | K15: 0 | L15: 0 | M15: 1 | N15: 1
D16: =SEC_Comm!C19 -> SOLID | E16: =SEC_Comm!$C$8 -> DEM_FIN_IND | F16: =[3]Foglio2!$F$8 -> 0.24550259 | G16: {=[3]Foglio2!$R$38:$W$38} -> 0.27248494 | H16: 0.3428905 | I16: 0.40403298 | J16: 0.45201714 | K16: 0.45084637 | L16: 0.44482525 | M16: 1 | N16: 1
B17: =SEC_Processes!$D$9 -> ELE_DMD_SER | C17: =SEC_Processes!$E$9 -> Electricity - Final Energy Demand Service | D17: =SEC_Comm!C14 -> ELEC_LV_DIST | E17: =SEC_Comm!$C$9 -> DEM_FIN_SER | F17: =[4]Foglio2!$F$9 -> 0.76479483 | G17: {=[4]Foglio2!$P$36:$U$36} -> 0.73608792 | H17: 0.67635751 | I17: 0.62572747 | J17: 0.58226526 | K17: 0.54454935 | L17: 0.51151079 | M17: 1 | N17: 1
D18: DIESEL | E18: =SEC_Comm!$C$9 -> DEM_FIN_SER | F18: =[4]Foglio2!$C$9 -> 0.092402033 | G18: {=[4]Foglio2!$P$33:$U$33} -> 0.10309066 | H18: 0.12514952 | I18: 0.14384756 | J18: 0.15989846 | K18: 0.17382722 | L18: 0.1860286 | M18: 1 | N18: 1
D19: =SEC_Comm!C16 -> OGL | E19: =SEC_Comm!$C$9 -> DEM_FIN_SER | F19: =[4]Foglio2!$D$9 -> 0.14280314 | G19: {=[4]Foglio2!$P$34:$U$34} -> 0.16082143 | H19: 0.19849297 | I19: 0.23042497 | J19: 0.25783627 | K19: 0.28162343 | L19: 0.30246061 | M19: 1 | N19: 1
D20: =SEC_Comm!C17 -> NLG | E20: =SEC_Comm!$C$9 -> DEM_FIN_SER | F20: =[4]Foglio2!$E$9 -> 0 | G20: {=[4]Foglio2!$P$35:$U$35} -> 0 | H20: 0 | I20: 0 | J20: 0 | K20: 0 | L20: 0 | M20: 1 | N20: 1
B21: =SEC_Processes!$D$10 -> ELE_DMD_AGR | C21: =SEC_Processes!$E$10 -> Electricity - Final Energy Demand Agriculture | D21: DIESEL | E21: =SEC_Comm!$C$10 -> DEM_FIN_AGR | F21: =[5]Foglio2!$C$9 -> 0.20350307 | G21: {='[5]with Hydrogen'!$K$52:$P$55} -> 0.94477683 | H21: 0.84033369 | I21: 0.77026769 | J21: 0.67842142 | K21: 0.48718349 | L21: 0.29360997 | M21: 1 | N21: 1
D22: ELEC_LV_DIST | E22: =SEC_Comm!$C$10 -> DEM_FIN_AGR | F22: =[5]Foglio2!$B$9 -> 0.79649693 | G22: 0.055223172 | H22: 0.04507535 | I22: 0.037165389 | J22: 0.030826546 | K22: 0.025633014 | L22: 0.021300107 | M22: 1 | N22: 1
D23: NLG | E23: =SEC_Comm!$C$10 -> DEM_FIN_AGR | F23: 0 | G23: 0 | H23: 0.057295479 | I23: 0.096283461 | J23: 0.14537602 | K23: 0.24359175 | L23: 0.34254496 | M23: 1 | N23: 1
D24: HYDROGEN_ENGINE | E24: =SEC_Comm!$C$10 -> DEM_FIN_AGR | F24: 0 | G24: 0 | H24: 0.057295479 | I24: 0.096283461 | J24: 0.14537602 | K24: 0.24359175 | L24: 0.34254496 | M24: 1 | N24: 1
B25: =SEC_Processes!$D$11 -> ELE_DMD_TRS | C25: =SEC_Processes!$E$11 -> Electricity - Final Energy Demand Transport | D25: =SEC_Comm!C20 -> GASOLINE | E25: =SEC_Comm!$C$11 -> DEM_FIN_TRS | F25: =[6]Foglio3!$C$10 -> 0.4173642 | G25: {=[6]Foglio3!$N$60:$S$65} -> 0.39517638 | H25: 0.46466387 | I25: 0.5262563 | J25: 0.58122689 | K25: 0.63058904 | L25: 0.67515939 | M25: 1 | N25: 1
D26: DIESEL | E26: =SEC_Comm!$C$11 -> DEM_FIN_TRS | F26: =[6]Foglio3!$D$10 -> 0.54999871 | G26: 0.60346567 | H26: 0.46953912 | I26: 0.37728836 | J26: 0.29142031 | K26: 0.18333031 | L26: 0.096547991 | M26: 1 | N26: 1
D27: OGL | E27: =SEC_Comm!$C$11 -> DEM_FIN_TRS | F27: =[6]Foglio3!$E$10 -> 0.019202949 | G27: 0.00078928105 | H27: 0.00085420144 | I27: 0.00091174569 | J27: 0.00096310332 | K27: 0.0010092211 | L27: 0.0010508621 | M27: 1 | N27: 1
D28: ELEC_LV_DIST | E28: =SEC_Comm!$C$11 -> DEM_FIN_TRS | F28: =[6]Foglio3!$F$10 -> 0.013434147 | G28: 0.0005686634 | H28: 0.0009147434 | I28: 0.0012215024 | J28: 0.0014952815 | K28: 0.0017411279 | L28: 0.001963109 | M28: 1 | N28: 1
D29: NLG | E29: =SEC_Comm!$C$11 -> DEM_FIN_TRS | F29: 0 | G29: 0 | H29: 0.032014031 | I29: 0.047161045 | J29: 0.062447209 | K29: 0.091665154 | L29: 0.11263932 | M29: 1 | N29: 1
D30: HYDROGEN_ENGINE | E30: =SEC_Comm!$C$11 -> DEM_FIN_TRS | F30: 0 | G30: 0 | H30: 0.032014031 | I30: 0.047161045 | J30: 0.062447209 | K30: 0.091665154 | L30: 0.11263932 | M30: 1 | N30: 1
M33: EFFICIENTAL SECTOR
F35: =SUM(F21:F24) -> 1 | G35: =SUM(G21:G24) -> 1 | H35: =SUM(H21:H24) -> 1 | I35: =SUM(I21:I24) -> 1 | J35: =SUM(J21:J24) -> 1 | K35: =SUM(K21:K24) -> 1 | L35: =SUM(L21:L24) -> 1

Sheet DEMAND
B2: Demand
B4: ~FI_T:DEMAND
B5: CommName | C5: 2023 | D5: 2025 | E5: 2030 | F5: 2035 | G5: 2040 | H5: 2045 | I5: 2050
B6: \I: Commodity Name | C6: Annual Demand Value [PJ/a]
B7: =SEC_Comm!C7 -> DEM_FIN_RES | C7: ='[2]CORRECT SITUATION'!$G$14 -> 14.385823 | D7: 13.740241 | E7: 13.488018 | F7: 13.611994 | G7: 14.60541 | H7: 16.129687 | I7: 17.653963
B8: =SEC_Comm!C8 -> DEM_FIN_IND | C8: =[3]Foglio2!$H$12 -> 23.436112 | D8: 24.547544 | E8: 26.407019 | F8: 28.266494 | G8: 30.499897 | H8: 35.82674 | I8: 41.630361
B9: =SEC_Comm!C9 -> DEM_FIN_SER | C9: =[4]Foglio2!$G$11 -> 9.952162 | D9: 10.136709 | E9: 11.047708 | F9: 11.958707 | G9: 12.869706 | H9: 13.780704 | I9: 14.691703
B10: =SEC_Comm!C10 -> DEM_FIN_AGR | C10: =[5]Foglio2!$D$11 -> 4.0977761 | D10: 4.3241331 | E10: 5.1406847 | F10: 5.8631577 | G10: 6.6527824 | H10: 7.7475745 | I10: 8.8593188
B11: =SEC_Comm!C11 -> DEM_FIN_TRS | C11: =[6]Foglio3!$G$12 -> 34.547267 | D11: 35.452018 | E11: 39.96019 | F11: 43.890175 | G11: 47.806499 | H11: 52.12189 | I11: 56.170613
B19: 5-year change (demand forecast)
C20: 0.09 | D20: ???????

Sheet EMI
C3: ~PRCCOMEMI
B4: TechName | C4: CommName | D4: DIESEL | E4: OGL | F4: NLG | G4: GASOLINE | H4: FUEL_OIL | I4: SOLID
B5: \I: Technology Name | C5: Commodity Name (Pollutant) | D5: Emission factor [kt/PJ]
B6: =SEC_Processes!D7 -> ELE_DMD_RES | C6: CO2 | D6: 74.1 | E6: 63.1 | F6: 56.1 | G6: 69.3 | H6: 77.4 | I6: 95
B7: =SEC_Processes!D8 -> ELE_DMD_IND | C7: CO2 | D7: 74.1 | E7: 63.1 | F7: 56.1 | G7: 69.3 | H7: 77.4 | I7: 95
B8: =SEC_Processes!D9 -> ELE_DMD_SER | C8: CO2 | D8: 74.1 | E8: 63.1 | F8: 56.1 | G8: 69.3 | H8: 77.4 | I8: 95
B9: =SEC_Processes!D10 -> ELE_DMD_AGR | C9: CO2 | D9: 74.1 | E9: 63.1 | F9: 56.1 | G9: 69.3 | H9: 77.4 | I9: 95
B10: =SEC_Processes!D11 -> ELE_DMD_TRS | C10: CO2 | D10: 74.1 | E10: 63.1 | F10: 56.1 | G10: 69.3 | H10: 77.4 | I10: 95
