Workbook

Sheet INPUT
B2: Prezzi di import dei prodotti raffinati e periodi di disponibilità
B3: Foglio senza tag VEDA: non letto dal modello. Celle blu su fondo giallo = ipotesi da verificare.
B5: Voce | C5: Unità | D5: 2023 | E5: 2025 | F5: 2030 | G5: 2035 | H5: 2040 | I5: 2045 | J5: 2050
B6: Prezzo greggio (IMP_CRUDE_OIL) | C6: €/GJ | D6: 13.33 | E6: 15.2 | F6: 13.2 | G6: 13.2 | H6: 13.2 | I6: 13.2 | J6: 13.2
B7: Fonte: VT_Model_SUP (2023) e Scen_FUEL_PRICE_PROJ_C1 (2025-2050)
B9: Margine di raffinazione e logistica sul greggio | C9: €/GJ
B10: DIESEL | C10: €/GJ | D10: 4
B11: GASOLINE | C11: €/GJ | D11: 4
B12: OGL | C12: €/GJ | D12: 4
B13: FUEL_OIL | C13: €/GJ | D13: 4
B14: Valore indicativo (circa 25 $/bbl tra crack spread e logistica): sostituire con dati di mercato.
B16: Disponibilità import (1 = consentito, 0 = vietato)
B17: Tutti i prodotti | C17: - | D17: 0 | E17: 0 | F17: 0 | G17: 0 | H17: 0 | I17: 1 | J17: 1
B18: 0 fino al 2040: import solo dopo la chiusura della raffineria. Mettere 1 per lasciarli in concorrenza con la raffineria.
B20: Limite massimo di import quando consentito | C20: PJ/a | D20: 100

Sheet IMP_FUELS
B2: Import di prodotti petroliferi raffinati (dopo la chiusura della raffineria)
B4: ~FI_T
B5: TechName | C5: *TechDesc | D5: Comm-OUT | E5: COST~2023 | F5: COST~2025 | G5: COST~2030 | H5: COST~2035 | I5: COST~2040 | J5: COST~2045 | K5: COST~2050 | L5: ACT_BND~UP~2023 | M5: ACT_BND~UP~2025 | N5: ACT_BND~UP~2030 | O5: ACT_BND~UP~2035 | P5: ACT_BND~UP~2040 | Q5: ACT_BND~UP~2045 | R5: ACT_BND~UP~2050
B6: \I: Technology Name | E6: €/GJ | F6: €/GJ | G6: €/GJ | H6: €/GJ | I6: €/GJ | J6: €/GJ | K6: €/GJ | L6: PJ/a | M6: PJ/a | N6: PJ/a | O6: PJ/a | P6: PJ/a | Q6: PJ/a | R6: PJ/a
B7: IMP_DIESEL | C7: Import gasolio | D7: DIESEL | E7: =INPUT!D$6+INPUT!$D$10 -> 17.33 | F7: =INPUT!E$6+INPUT!$D$10 -> 19.2 | G7: =INPUT!F$6+INPUT!$D$10 -> 17.2 | H7: =INPUT!G$6+INPUT!$D$10 -> 17.2 | I7: =INPUT!H$6+INPUT!$D$10 -> 17.2 | J7: =INPUT!I$6+INPUT!$D$10 -> 17.2 | K7: =INPUT!J$6+INPUT!$D$10 -> 17.2 | L7: =INPUT!D$17*INPUT!$D$20 -> 0 | M7: =INPUT!E$17*INPUT!$D$20 -> 0 | N7: =INPUT!F$17*INPUT!$D$20 -> 0 | O7: =INPUT!G$17*INPUT!$D$20 -> 0 | P7: =INPUT!H$17*INPUT!$D$20 -> 0 | Q7: =INPUT!I$17*INPUT!$D$20 -> 100 | R7: =INPUT!J$17*INPUT!$D$20 -> 100
B8: IMP_GASOLINE | C8: Import benzina | D8: GASOLINE | E8: =INPUT!D$6+INPUT!$D$11 -> 17.33 | F8: =INPUT!E$6+INPUT!$D$11 -> 19.2 | G8: =INPUT!F$6+INPUT!$D$11 -> 17.2 | H8: =INPUT!G$6+INPUT!$D$11 -> 17.2 | I8: =INPUT!H$6+INPUT!$D$11 -> 17.2 | J8: =INPUT!I$6+INPUT!$D$11 -> 17.2 | K8: =INPUT!J$6+INPUT!$D$11 -> 17.2 | L8: =INPUT!D$17*INPUT!$D$20 -> 0 | M8: =INPUT!E$17*INPUT!$D$20 -> 0 | N8: =INPUT!F$17*INPUT!$D$20 -> 0 | O8: =INPUT!G$17*INPUT!$D$20 -> 0 | P8: =INPUT!H$17*INPUT!$D$20 -> 0 | Q8: =INPUT!I$17*INPUT!$D$20 -> 100 | R8: =INPUT!J$17*INPUT!$D$20 -> 100
B9: IMP_OGL | C9: Import GPL | D9: OGL | E9: =INPUT!D$6+INPUT!$D$12 -> 17.33 | F9: =INPUT!E$6+INPUT!$D$12 -> 19.2 | G9: =INPUT!F$6+INPUT!$D$12 -> 17.2 | H9: =INPUT!G$6+INPUT!$D$12 -> 17.2 | I9: =INPUT!H$6+INPUT!$D$12 -> 17.2 | J9: =INPUT!I$6+INPUT!$D$12 -> 17.2 | K9: =INPUT!J$6+INPUT!$D$12 -> 17.2 | L9: =INPUT!D$17*INPUT!$D$20 -> 0 | M9: =INPUT!E$17*INPUT!$D$20 -> 0 | N9: =INPUT!F$17*INPUT!$D$20 -> 0 | O9: =INPUT!G$17*INPUT!$D$20 -> 0 | P9: =INPUT!H$17*INPUT!$D$20 -> 0 | Q9: =INPUT!I$17*INPUT!$D$20 -> 100 | R9: =INPUT!J$17*INPUT!$D$20 -> 100
B10: IMP_FUEL_OIL | C10: Import olio combustibile | D10: FUEL_OIL | E10: =INPUT!D$6+INPUT!$D$13 -> 17.33 | F10: =INPUT!E$6+INPUT!$D$13 -> 19.2 | G10: =INPUT!F$6+INPUT!$D$13 -> 17.2 | H10: =INPUT!G$6+INPUT!$D$13 -> 17.2 | I10: =INPUT!H$6+INPUT!$D$13 -> 17.2 | J10: =INPUT!I$6+INPUT!$D$13 -> 17.2 | K10: =INPUT!J$6+INPUT!$D$13 -> 17.2 | L10: =INPUT!D$17*INPUT!$D$20 -> 0 | M10: =INPUT!E$17*INPUT!$D$20 -> 0 | N10: =INPUT!F$17*INPUT!$D$20 -> 0 | O10: =INPUT!G$17*INPUT!$D$20 -> 0 | P10: =INPUT!H$17*INPUT!$D$20 -> 0 | Q10: =INPUT!I$17*INPUT!$D$20 -> 100 | R10: =INPUT!J$17*INPUT!$D$20 -> 100
B13: ~FI_Process
B14: Sets | C14: TechName | D14: TechDesc | E14: Tact | F14: Tcap | G14: Tslvl | H14: PrimaryCG | I14: Vintage
B15: IMP | C15: IMP_DIESEL | D15: Import gasolio | E15: PJ | G15: ANNUAL
B16: IMP | C16: IMP_GASOLINE | D16: Import benzina | E16: PJ | G16: ANNUAL
B17: IMP | C17: IMP_OGL | D17: Import GPL | E17: PJ | G17: ANNUAL
B18: IMP | C18: IMP_FUEL_OIL | D18: Import olio combustibile | E18: PJ | G18: ANNUAL
B21: Note (non lette da VEDA)
B22: - Le commodity DIESEL, GASOLINE, OGL, FUEL_OIL sono già dichiarate nel SUP: qui non vanno ridichiarate.
B23: - ACT_BND è dato per tutti gli anni modello, così nessuna regola di estrapolazione può estendere lo 0 al 2045-2050.
B24: - Le emissioni di combustione restano sui processi DMD_FUEL_*; le emissioni di raffinazione dei prodotti importati avvengono fuori dalla Sardegna.
